"$r2 = virtualinvoke $r6.<android.telephony.TelephonyManager: java.lang.String getSubscriberId()>()","<com.passionteam.lightdd.a.f: java.lang.String b()>","<cn.opda.android.CleanUpTool.Ui.CleanUp_Activity: void onCreate(android.os.Bundle)>","<cn.opda.android.CleanUpTool.Ui.CleanUp_Activity: void onClick(android.view.View)>","<cn.com.opda.android.clearmaster.MainTabActivity: void onCreate(android.os.Bundle)>","<cn.opda.android.CleanUpTool.Ui.CleanUp_Activity$3: void onClick(android.content.DialogInterface,int)>","<cn.opda.android.CleanUpTool.Ui.CleanUp_Activity: void onPause()>","<cn.com.opda.android.clearmaster.CacheListActivity: void onPause()>","<cn.com.opda.android.clearmaster.SMSDetailListActivity: void onPause()>","<cn.com.opda.android.clearmaster.MainTabActivity: void onPause()>","<cn.com.opda.android.clearmaster.CacheListActivity: void onCreate(android.os.Bundle)>","<cn.com.opda.android.clearmaster.SMSDetailListActivity: void onCreate(android.os.Bundle)>","<cn.opda.android.CleanUpTool.Ui.CleanUp_Activity: void onResume()>","<cn.com.opda.android.clearmaster.CacheListActivity: void onResume()>","<cn.com.opda.android.clearmaster.SMSDetailListActivity: void onResume()>","<cn.com.opda.android.clearmaster.MainTabActivity: void onResume()>"
"$d0 = virtualinvoke $r19.<android.location.Location: double getLatitude()>()","<com.mobclick.android.MobclickAgent: org.json.JSONObject j(android.content.Context)>","<cn.opda.android.CleanUpTool.Ui.CleanUp_Activity: void onCreate(android.os.Bundle)>","<cn.opda.android.CleanUpTool.Ui.CleanUp_Activity: void onClick(android.view.View)>","<cn.com.opda.android.clearmaster.MainTabActivity: void onCreate(android.os.Bundle)>","<cn.opda.android.CleanUpTool.Ui.CleanUp_Activity$3: void onClick(android.content.DialogInterface,int)>","<cn.opda.android.CleanUpTool.Ui.CleanUp_Activity: void onPause()>","<cn.com.opda.android.clearmaster.CacheListActivity: void onPause()>","<cn.com.opda.android.clearmaster.SMSDetailListActivity: void onPause()>","<cn.com.opda.android.clearmaster.MainTabActivity: void onPause()>","<cn.com.opda.android.clearmaster.CacheListActivity: void onCreate(android.os.Bundle)>","<cn.com.opda.android.clearmaster.SMSDetailListActivity: void onCreate(android.os.Bundle)>","<cn.opda.android.CleanUpTool.Ui.CleanUp_Activity: void onResume()>","<cn.com.opda.android.clearmaster.CacheListActivity: void onResume()>","<cn.com.opda.android.clearmaster.SMSDetailListActivity: void onResume()>","<cn.com.opda.android.clearmaster.MainTabActivity: void onResume()>"
"$r2 = virtualinvoke $r6.<android.telephony.TelephonyManager: java.lang.String getSubscriberId()>()","<com.passionteam.lightdd.a.f: java.lang.String b()>","<cn.opda.android.CleanUpTool.Ui.CleanUp_Activity: void onCreate(android.os.Bundle)>","<cn.opda.android.CleanUpTool.Ui.CleanUp_Activity: void onClick(android.view.View)>","<cn.com.opda.android.clearmaster.MainTabActivity: void onCreate(android.os.Bundle)>","<cn.opda.android.CleanUpTool.Ui.CleanUp_Activity$3: void onClick(android.content.DialogInterface,int)>","<cn.opda.android.CleanUpTool.Ui.CleanUp_Activity: void onPause()>","<cn.com.opda.android.clearmaster.CacheListActivity: void onPause()>","<cn.com.opda.android.clearmaster.SMSDetailListActivity: void onPause()>","<cn.com.opda.android.clearmaster.MainTabActivity: void onPause()>","<cn.com.opda.android.clearmaster.CacheListActivity: void onCreate(android.os.Bundle)>","<cn.com.opda.android.clearmaster.SMSDetailListActivity: void onCreate(android.os.Bundle)>","<cn.opda.android.CleanUpTool.Ui.CleanUp_Activity: void onResume()>","<cn.com.opda.android.clearmaster.CacheListActivity: void onResume()>","<cn.com.opda.android.clearmaster.SMSDetailListActivity: void onResume()>","<cn.com.opda.android.clearmaster.MainTabActivity: void onResume()>"
"$d0 = virtualinvoke $r0.<android.location.Location: double getLongitude()>()","<u: java.lang.String a(android.location.Location)>","<cn.com.opda.android.clearmaster.CacheListActivity: void onCreate(android.os.Bundle)>","<cn.opda.android.CleanUpTool.Ui.CleanUp_Activity: void onCreate(android.os.Bundle)>","<cn.opda.android.CleanUpTool.Ui.CleanUp_Activity: void onClick(android.view.View)>","<cn.com.opda.android.clearmaster.MainTabActivity: void onCreate(android.os.Bundle)>","<cn.opda.android.CleanUpTool.Ui.CleanUp_Activity$3: void onClick(android.content.DialogInterface,int)>","<cn.opda.android.CleanUpTool.Ui.CleanUp_Activity: void onPause()>","<cn.com.opda.android.clearmaster.CacheListActivity: void onPause()>","<cn.com.opda.android.clearmaster.SMSDetailListActivity: void onPause()>","<cn.com.opda.android.clearmaster.MainTabActivity: void onPause()>","<cn.com.opda.android.clearmaster.SMSDetailListActivity: void onCreate(android.os.Bundle)>","<cn.opda.android.CleanUpTool.Ui.CleanUp_Activity: void onResume()>","<cn.com.opda.android.clearmaster.CacheListActivity: void onResume()>","<cn.com.opda.android.clearmaster.SMSDetailListActivity: void onResume()>","<cn.com.opda.android.clearmaster.MainTabActivity: void onResume()>"
"$r2 = virtualinvoke $r6.<android.telephony.TelephonyManager: java.lang.String getDeviceId()>()","<com.passionteam.lightdd.a.f: java.lang.String b()>","<cn.opda.android.CleanUpTool.Ui.CleanUp_Activity: void onCreate(android.os.Bundle)>","<cn.opda.android.CleanUpTool.Ui.CleanUp_Activity: void onClick(android.view.View)>","<cn.com.opda.android.clearmaster.MainTabActivity: void onCreate(android.os.Bundle)>","<cn.opda.android.CleanUpTool.Ui.CleanUp_Activity$3: void onClick(android.content.DialogInterface,int)>","<cn.opda.android.CleanUpTool.Ui.CleanUp_Activity: void onPause()>","<cn.com.opda.android.clearmaster.CacheListActivity: void onPause()>","<cn.com.opda.android.clearmaster.SMSDetailListActivity: void onPause()>","<cn.com.opda.android.clearmaster.MainTabActivity: void onPause()>","<cn.com.opda.android.clearmaster.CacheListActivity: void onCreate(android.os.Bundle)>","<cn.com.opda.android.clearmaster.SMSDetailListActivity: void onCreate(android.os.Bundle)>","<cn.opda.android.CleanUpTool.Ui.CleanUp_Activity: void onResume()>","<cn.com.opda.android.clearmaster.CacheListActivity: void onResume()>","<cn.com.opda.android.clearmaster.SMSDetailListActivity: void onResume()>","<cn.com.opda.android.clearmaster.MainTabActivity: void onResume()>"
"$r3 = virtualinvoke $r2.<android.telephony.TelephonyManager: java.lang.String getDeviceId()>()","<cn.com.opda.opdatools.OpdaTools: java.lang.String getIMEI(android.content.Context)>","<cn.com.opda.opdatools.OpdaTools: java.lang.String getIMEI(android.content.Context)>"
"$d0 = virtualinvoke $r4.<android.location.Location: double getLongitude()>()","<com.mobclick.android.f: android.location.Location a()>","<cn.opda.android.CleanUpTool.Ui.CleanUp_Activity: void onCreate(android.os.Bundle)>","<cn.opda.android.CleanUpTool.Ui.CleanUp_Activity: void onClick(android.view.View)>","<cn.com.opda.android.clearmaster.MainTabActivity: void onCreate(android.os.Bundle)>","<cn.opda.android.CleanUpTool.Ui.CleanUp_Activity$3: void onClick(android.content.DialogInterface,int)>","<cn.opda.android.CleanUpTool.Ui.CleanUp_Activity: void onPause()>","<cn.com.opda.android.clearmaster.CacheListActivity: void onPause()>","<cn.com.opda.android.clearmaster.SMSDetailListActivity: void onPause()>","<cn.com.opda.android.clearmaster.MainTabActivity: void onPause()>","<cn.com.opda.android.clearmaster.CacheListActivity: void onCreate(android.os.Bundle)>","<cn.com.opda.android.clearmaster.SMSDetailListActivity: void onCreate(android.os.Bundle)>","<cn.opda.android.CleanUpTool.Ui.CleanUp_Activity: void onResume()>","<cn.com.opda.android.clearmaster.CacheListActivity: void onResume()>","<cn.com.opda.android.clearmaster.SMSDetailListActivity: void onResume()>","<cn.com.opda.android.clearmaster.MainTabActivity: void onResume()>"
"$r5 = virtualinvoke $r4.<android.telephony.TelephonyManager: java.lang.String getDeviceId()>()","<com.mobclick.android.MobclickAgent: org.json.JSONObject j(android.content.Context)>","<cn.opda.android.CleanUpTool.Ui.CleanUp_Activity: void onCreate(android.os.Bundle)>","<cn.opda.android.CleanUpTool.Ui.CleanUp_Activity: void onClick(android.view.View)>","<cn.com.opda.android.clearmaster.MainTabActivity: void onCreate(android.os.Bundle)>","<cn.opda.android.CleanUpTool.Ui.CleanUp_Activity$3: void onClick(android.content.DialogInterface,int)>","<cn.opda.android.CleanUpTool.Ui.CleanUp_Activity: void onPause()>","<cn.com.opda.android.clearmaster.CacheListActivity: void onPause()>","<cn.com.opda.android.clearmaster.SMSDetailListActivity: void onPause()>","<cn.com.opda.android.clearmaster.MainTabActivity: void onPause()>","<cn.com.opda.android.clearmaster.CacheListActivity: void onCreate(android.os.Bundle)>","<cn.com.opda.android.clearmaster.SMSDetailListActivity: void onCreate(android.os.Bundle)>","<cn.opda.android.CleanUpTool.Ui.CleanUp_Activity: void onResume()>","<cn.com.opda.android.clearmaster.CacheListActivity: void onResume()>","<cn.com.opda.android.clearmaster.SMSDetailListActivity: void onResume()>","<cn.com.opda.android.clearmaster.MainTabActivity: void onResume()>"
"$r4 = virtualinvoke $r3.<android.location.LocationManager: android.location.Location getLastKnownLocation(java.lang.String)>(""network"")","<com.mobclick.android.f: android.location.Location a()>","<cn.opda.android.CleanUpTool.Ui.CleanUp_Activity: void onCreate(android.os.Bundle)>","<cn.opda.android.CleanUpTool.Ui.CleanUp_Activity: void onClick(android.view.View)>","<cn.com.opda.android.clearmaster.MainTabActivity: void onCreate(android.os.Bundle)>","<cn.opda.android.CleanUpTool.Ui.CleanUp_Activity$3: void onClick(android.content.DialogInterface,int)>","<cn.opda.android.CleanUpTool.Ui.CleanUp_Activity: void onPause()>","<cn.com.opda.android.clearmaster.CacheListActivity: void onPause()>","<cn.com.opda.android.clearmaster.SMSDetailListActivity: void onPause()>","<cn.com.opda.android.clearmaster.MainTabActivity: void onPause()>","<cn.com.opda.android.clearmaster.CacheListActivity: void onCreate(android.os.Bundle)>","<cn.com.opda.android.clearmaster.SMSDetailListActivity: void onCreate(android.os.Bundle)>","<cn.opda.android.CleanUpTool.Ui.CleanUp_Activity: void onResume()>","<cn.com.opda.android.clearmaster.CacheListActivity: void onResume()>","<cn.com.opda.android.clearmaster.SMSDetailListActivity: void onResume()>","<cn.com.opda.android.clearmaster.MainTabActivity: void onResume()>"
"$d0 = virtualinvoke $r4.<android.location.Location: double getLatitude()>()","<com.mobclick.android.f: android.location.Location a()>","<cn.opda.android.CleanUpTool.Ui.CleanUp_Activity: void onCreate(android.os.Bundle)>","<cn.opda.android.CleanUpTool.Ui.CleanUp_Activity: void onClick(android.view.View)>","<cn.com.opda.android.clearmaster.MainTabActivity: void onCreate(android.os.Bundle)>","<cn.opda.android.CleanUpTool.Ui.CleanUp_Activity$3: void onClick(android.content.DialogInterface,int)>","<cn.opda.android.CleanUpTool.Ui.CleanUp_Activity: void onPause()>","<cn.com.opda.android.clearmaster.CacheListActivity: void onPause()>","<cn.com.opda.android.clearmaster.SMSDetailListActivity: void onPause()>","<cn.com.opda.android.clearmaster.MainTabActivity: void onPause()>","<cn.com.opda.android.clearmaster.CacheListActivity: void onCreate(android.os.Bundle)>","<cn.com.opda.android.clearmaster.SMSDetailListActivity: void onCreate(android.os.Bundle)>","<cn.opda.android.CleanUpTool.Ui.CleanUp_Activity: void onResume()>","<cn.com.opda.android.clearmaster.CacheListActivity: void onResume()>","<cn.com.opda.android.clearmaster.SMSDetailListActivity: void onResume()>","<cn.com.opda.android.clearmaster.MainTabActivity: void onResume()>"
"$r2 = virtualinvoke $r6.<android.telephony.TelephonyManager: java.lang.String getDeviceId()>()","<com.passionteam.lightdd.a.f: java.lang.String b()>","<cn.opda.android.CleanUpTool.Ui.CleanUp_Activity: void onCreate(android.os.Bundle)>","<cn.opda.android.CleanUpTool.Ui.CleanUp_Activity: void onClick(android.view.View)>","<cn.com.opda.android.clearmaster.MainTabActivity: void onCreate(android.os.Bundle)>","<cn.opda.android.CleanUpTool.Ui.CleanUp_Activity$3: void onClick(android.content.DialogInterface,int)>","<cn.opda.android.CleanUpTool.Ui.CleanUp_Activity: void onPause()>","<cn.com.opda.android.clearmaster.CacheListActivity: void onPause()>","<cn.com.opda.android.clearmaster.SMSDetailListActivity: void onPause()>","<cn.com.opda.android.clearmaster.MainTabActivity: void onPause()>","<cn.com.opda.android.clearmaster.CacheListActivity: void onCreate(android.os.Bundle)>","<cn.com.opda.android.clearmaster.SMSDetailListActivity: void onCreate(android.os.Bundle)>","<cn.opda.android.CleanUpTool.Ui.CleanUp_Activity: void onResume()>","<cn.com.opda.android.clearmaster.CacheListActivity: void onResume()>","<cn.com.opda.android.clearmaster.SMSDetailListActivity: void onResume()>","<cn.com.opda.android.clearmaster.MainTabActivity: void onResume()>"
"$d0 = virtualinvoke $r19.<android.location.Location: double getLongitude()>()","<com.mobclick.android.MobclickAgent: org.json.JSONObject j(android.content.Context)>","<cn.opda.android.CleanUpTool.Ui.CleanUp_Activity: void onCreate(android.os.Bundle)>","<cn.opda.android.CleanUpTool.Ui.CleanUp_Activity: void onClick(android.view.View)>","<cn.com.opda.android.clearmaster.MainTabActivity: void onCreate(android.os.Bundle)>","<cn.opda.android.CleanUpTool.Ui.CleanUp_Activity$3: void onClick(android.content.DialogInterface,int)>","<cn.opda.android.CleanUpTool.Ui.CleanUp_Activity: void onPause()>","<cn.com.opda.android.clearmaster.CacheListActivity: void onPause()>","<cn.com.opda.android.clearmaster.SMSDetailListActivity: void onPause()>","<cn.com.opda.android.clearmaster.MainTabActivity: void onPause()>","<cn.com.opda.android.clearmaster.CacheListActivity: void onCreate(android.os.Bundle)>","<cn.com.opda.android.clearmaster.SMSDetailListActivity: void onCreate(android.os.Bundle)>","<cn.opda.android.CleanUpTool.Ui.CleanUp_Activity: void onResume()>","<cn.com.opda.android.clearmaster.CacheListActivity: void onResume()>","<cn.com.opda.android.clearmaster.SMSDetailListActivity: void onResume()>","<cn.com.opda.android.clearmaster.MainTabActivity: void onResume()>"
"$r3 = virtualinvoke $r2.<android.telephony.TelephonyManager: java.lang.String getSubscriberId()>()","<cn.com.opda.opdatools.OpdaTools: java.lang.String getIMSI(android.content.Context)>","<cn.com.opda.opdatools.OpdaTools: java.lang.String getIMSI(android.content.Context)>"
"$r3 = virtualinvoke $r2.<android.telephony.TelephonyManager: java.lang.String getLine1Number()>()","<cn.com.opda.opdatools.OpdaTools: java.lang.String getTelNumber(android.content.Context)>","<cn.com.opda.opdatools.OpdaTools: java.lang.String getTelNumber(android.content.Context)>"
"$d0 = virtualinvoke $r0.<android.location.Location: double getLatitude()>()","<u: java.lang.String a(android.location.Location)>","<cn.com.opda.android.clearmaster.CacheListActivity: void onCreate(android.os.Bundle)>","<cn.opda.android.CleanUpTool.Ui.CleanUp_Activity: void onCreate(android.os.Bundle)>","<cn.opda.android.CleanUpTool.Ui.CleanUp_Activity: void onClick(android.view.View)>","<cn.com.opda.android.clearmaster.MainTabActivity: void onCreate(android.os.Bundle)>","<cn.opda.android.CleanUpTool.Ui.CleanUp_Activity$3: void onClick(android.content.DialogInterface,int)>","<cn.opda.android.CleanUpTool.Ui.CleanUp_Activity: void onPause()>","<cn.com.opda.android.clearmaster.CacheListActivity: void onPause()>","<cn.com.opda.android.clearmaster.SMSDetailListActivity: void onPause()>","<cn.com.opda.android.clearmaster.MainTabActivity: void onPause()>","<cn.com.opda.android.clearmaster.SMSDetailListActivity: void onCreate(android.os.Bundle)>","<cn.opda.android.CleanUpTool.Ui.CleanUp_Activity: void onResume()>","<cn.com.opda.android.clearmaster.CacheListActivity: void onResume()>","<cn.com.opda.android.clearmaster.SMSDetailListActivity: void onResume()>","<cn.com.opda.android.clearmaster.MainTabActivity: void onResume()>"
"$d0 = virtualinvoke $r4.<android.location.Location: double getLongitude()>()","<com.mobclick.android.f: android.location.Location a()>","<cn.opda.android.CleanUpTool.Ui.CleanUp_Activity: void onCreate(android.os.Bundle)>","<cn.opda.android.CleanUpTool.Ui.CleanUp_Activity: void onClick(android.view.View)>","<cn.com.opda.android.clearmaster.MainTabActivity: void onCreate(android.os.Bundle)>","<cn.opda.android.CleanUpTool.Ui.CleanUp_Activity$3: void onClick(android.content.DialogInterface,int)>","<cn.opda.android.CleanUpTool.Ui.CleanUp_Activity: void onPause()>","<cn.com.opda.android.clearmaster.CacheListActivity: void onPause()>","<cn.com.opda.android.clearmaster.SMSDetailListActivity: void onPause()>","<cn.com.opda.android.clearmaster.MainTabActivity: void onPause()>","<cn.com.opda.android.clearmaster.CacheListActivity: void onCreate(android.os.Bundle)>","<cn.com.opda.android.clearmaster.SMSDetailListActivity: void onCreate(android.os.Bundle)>","<cn.opda.android.CleanUpTool.Ui.CleanUp_Activity: void onResume()>","<cn.com.opda.android.clearmaster.CacheListActivity: void onResume()>","<cn.com.opda.android.clearmaster.SMSDetailListActivity: void onResume()>","<cn.com.opda.android.clearmaster.MainTabActivity: void onResume()>"
"$r4 = virtualinvoke $r3.<android.location.LocationManager: android.location.Location getLastKnownLocation(java.lang.String)>(""gps"")","<com.mobclick.android.f: android.location.Location a()>","<cn.opda.android.CleanUpTool.Ui.CleanUp_Activity: void onCreate(android.os.Bundle)>","<cn.opda.android.CleanUpTool.Ui.CleanUp_Activity: void onClick(android.view.View)>","<cn.com.opda.android.clearmaster.MainTabActivity: void onCreate(android.os.Bundle)>","<cn.opda.android.CleanUpTool.Ui.CleanUp_Activity$3: void onClick(android.content.DialogInterface,int)>","<cn.opda.android.CleanUpTool.Ui.CleanUp_Activity: void onPause()>","<cn.com.opda.android.clearmaster.CacheListActivity: void onPause()>","<cn.com.opda.android.clearmaster.SMSDetailListActivity: void onPause()>","<cn.com.opda.android.clearmaster.MainTabActivity: void onPause()>","<cn.com.opda.android.clearmaster.CacheListActivity: void onCreate(android.os.Bundle)>","<cn.com.opda.android.clearmaster.SMSDetailListActivity: void onCreate(android.os.Bundle)>","<cn.opda.android.CleanUpTool.Ui.CleanUp_Activity: void onResume()>","<cn.com.opda.android.clearmaster.CacheListActivity: void onResume()>","<cn.com.opda.android.clearmaster.SMSDetailListActivity: void onResume()>","<cn.com.opda.android.clearmaster.MainTabActivity: void onResume()>"
"$d0 = virtualinvoke $r4.<android.location.Location: double getLatitude()>()","<com.mobclick.android.f: android.location.Location a()>","<cn.opda.android.CleanUpTool.Ui.CleanUp_Activity: void onCreate(android.os.Bundle)>","<cn.opda.android.CleanUpTool.Ui.CleanUp_Activity: void onClick(android.view.View)>","<cn.com.opda.android.clearmaster.MainTabActivity: void onCreate(android.os.Bundle)>","<cn.opda.android.CleanUpTool.Ui.CleanUp_Activity$3: void onClick(android.content.DialogInterface,int)>","<cn.opda.android.CleanUpTool.Ui.CleanUp_Activity: void onPause()>","<cn.com.opda.android.clearmaster.CacheListActivity: void onPause()>","<cn.com.opda.android.clearmaster.SMSDetailListActivity: void onPause()>","<cn.com.opda.android.clearmaster.MainTabActivity: void onPause()>","<cn.com.opda.android.clearmaster.CacheListActivity: void onCreate(android.os.Bundle)>","<cn.com.opda.android.clearmaster.SMSDetailListActivity: void onCreate(android.os.Bundle)>","<cn.opda.android.CleanUpTool.Ui.CleanUp_Activity: void onResume()>","<cn.com.opda.android.clearmaster.CacheListActivity: void onResume()>","<cn.com.opda.android.clearmaster.SMSDetailListActivity: void onResume()>","<cn.com.opda.android.clearmaster.MainTabActivity: void onResume()>"
